{"mean": 5.211516, "std": 1.2128318910483842}